env_step,episode_reward,epoch,rollout_length,step
999.0,-0.6392744733531402,0.0,10.0,1
1999.0,-334.8565242288341,1.0,10.0,2
2999.0,-218.89179804677306,2.0,10.0,3
3999.0,-128.77972446884016,3.0,10.0,4
4999.0,-284.7757816192929,4.0,10.0,5
